"1","1","Ann's Card","2015-06-30 00:51:44"
"2","2","Bob's Card","2015-09-09 15:27:23"
"3","3","Carol's Card","2015-09-25 15:24:59"
"4","4","Donna's Card","2015-02-05 14:42:42"
"5","5","Earl's Card","2015-03-26 01:47:03"
"6","6","Fred's PayPal","2015-07-05 19:58:25"
"7","7","Gary's PayPal","2015-01-21 16:36:16"
"8","8","Holly's PayPal","2015-01-10 05:07:44"
"9","9","Issac's PayPal","2015-06-22 07:23:17"
"10","10","Jane's PayPal","2015-05-27 14:04:32"
"11","11","Kathline's Google Wallet","2015-08-02 07:28:38"
"12","12","Logan's Google Wallet","2015-03-15 22:03:26"
"13","13","Malorie's Google Wallet","2015-11-19 12:53:25"
"14","14","Nathan's Google Wallet","2015-01-03 22:03:03"
"15","15","Olivia's Google Wallet","2015-02-04 06:24:32"